date,time,lon,lat,input
20110122,233500,128.8698391,37.78202996,2011012223
20110201,210700,128.8525198,37.79261172,2011020121
20110226,164200,127.9553324,37.37976852,2011022616
20110212,061800,127.8797493,37.22070822,2011021206
20110211,175000,128.1288643,37.77259279,2011021117
20110131,181300,128.7096134,37.94175429,2011013118
20110309,131800,128.513417,37.15437443,2011030913
20110318,115800,127.8822588,37.67967337,2011031811
20110311,134200,128.0939569,37.50978628,2011031113
20110405,110400,127.5166061,37.73333414,2011040511
20110324,125600,127.7632632,38.19901123,2011032412
20110409,123000,128.0218214,38.20121746,2011040912
20110406,162300,128.8381462,37.65874472,2011040616
20110406,144100,127.2046393,38.22476981,2011040614
20110401,105200,128.6877828,37.35945544,2011040110
20110314,193500,128.513417,37.15437443,2011031419
20110409,125200,128.0482851,38.09544473,2011040912
20110413,155500,129.0621351,37.27861538,2011041315
20110410,121300,127.6678979,38.06441128,2011041012
20110416,181400,127.6183427,37.80658058,2011041618
20110413,164700,128.4555725,37.21905666,2011041316
20110420,141200,128.1433855,37.61207018,2011042014
20110417,142200,128.1900744,37.58049178,2011041714
20110417,123500,128.0747191,38.02186725,2011041712
20110413,234000,127.7190445,37.81433954,2011041323
20110612,142300,129.1341209,37.42280586,2011061214
20110514,141800,127.2334331,38.17764366,2011051414
20110413,153200,128.6328489,38.02562341,2011041315
20110608,132200,128.9959149,37.38947773,2011060813
20110615,122100,127.8150476,37.77582399,2011061512
20111006,181300,127.832603,38.17925471,2011100618
20111013,145400,127.7436275,38.00794238,2011101314
20110620,190000,128.0482851,38.09544473,2011062019
20111008,125500,127.8328447,37.5860041,2011100812
20111031,141100,127.5572185,38.26156153,2011103114
20111017,144100,128.1202057,38.153384,2011101714
20110608,174200,128.5542285,38.13219246,2011060817
20111115,100000,128.5029545,38.33398151,2011111510
20111101,151900,127.832603,38.17925471,2011110115
20111129,160200,127.9596029,37.41097613,2011112916
20111027,074700,128.0482851,38.09544473,2011102707
20111101,195200,128.0482851,38.09544473,2011110119
20111007,143600,127.8328447,37.5860041,2011100714
20111227,140900,128.3649883,38.33328292,2011122714
20111120,213000,128.1416315,38.07785672,2011112021
20111208,104900,129.0427142,37.66869048,2011120810
20111028,122700,127.3443393,38.12477736,2011102812
20120111,113700,128.0003831,37.65965798,2012011111
20111214,141800,127.6183427,37.80658058,2011121414
20111228,020200,127.8604221,37.64284657,2011122802
20120116,120900,127.953469,37.78654327,2012011612
20111231,163600,128.0054713,37.34371751,2011123116
20111115,153400,128.6019,38.09751527,2011111515
20120205,160500,128.4546708,38.44822487,2012020516
20111224,230600,128.5658736,38.21686193,2011122423
20120113,120000,128.8189038,37.87749505,2012011312
20120124,111500,128.0482851,38.09544473,2012012411
20120219,190300,128.9194665,37.28441579,2012021919
20120126,235600,128.8642997,37.81743059,2012012623
20120210,162100,127.8432553,37.72059532,2012021016
20120228,143700,128.0835488,38.21970459,2012022814
20120327,103500,128.5014679,38.2451065,2012032710
20120111,150600,127.8362775,37.66872565,2012011115
20120215,100400,128.2579044,38.27479167,2012021510
20120129,171300,128.0625588,37.5037547,2012012917
20120228,120400,127.6399972,37.79461091,2012022812
20120228,170300,127.612502,37.65633038,2012022817
20120304,235200,127.5752476,37.85366089,2012030423
20120409,152300,127.7632632,38.19901123,2012040915
20120401,202500,127.6945265,37.84456095,2012040120
20120415,201700,129.0697124,37.2072936,2012041520
20120408,134000,128.5824238,38.1839875,2012040813
20120420,033100,128.1900744,37.58049178,2012042003
20120222,103800,128.1441646,37.91517827,2012022210
20120308,161700,128.5574079,37.99791781,2012030816
20120415,151400,128.5607591,37.66179627,2012041515
20120418,160200,127.3558565,38.18469845,2012041816
20120424,142700,129.0737062,37.47802771,2012042414
20120419,141200,127.9768646,37.74084271,2012041914
20120430,101200,127.7423922,37.76491496,2012043010
20120420,175000,128.2458379,37.2624054,2012042017
20120506,123500,127.7115522,38.17050692,2012050612
20120420,125100,128.1900744,37.58049178,2012042012
20120419,145800,128.1731711,37.59419733,2012041914
20120410,110600,128.5580725,37.68583441,2012041011
20120429,180200,128.2913415,37.9149348,2012042918
20120430,120800,128.0154469,37.28793665,2012043012
20120430,154300,128.0101032,37.37151534,2012043015
20120507,144500,127.3390189,38.22141813,2012050714
20120506,135200,127.944133,37.42635717,2012050613
20120506,144800,127.8913737,37.83239667,2012050614
20120511,085500,127.7319748,37.60998943,2012051108
20120526,114700,128.5542285,38.13219246,2012052611
20120501,135100,129.2185093,37.15692963,2012050113
20120427,100600,128.2439968,38.27816994,2012042710
20120508,130600,128.1267544,38.27724553,2012050813
20120519,140800,128.0082595,37.41590206,2012051914
20120523,053400,127.6732848,38.16758421,2012052305
20120527,140800,128.4634044,37.26279412,2012052714
20120526,151700,128.4901565,37.34088514,2012052615
20120527,161100,128.084883,37.73984614,2012052716
20120528,125000,128.6657974,37.48505426,2012052812
20120525,021100,127.2936393,38.12585616,2012052502
20120507,153200,128.3132963,37.56977696,2012050715
20120527,144000,128.188056,37.71416111,2012052714
20120527,173100,129.0444672,37.42410427,2012052717
20120528,102000,128.0003831,37.65965798,2012052810
20120530,075700,128.0003831,37.65965798,2012053007
20120529,110800,127.7748308,37.18048184,2012052911
20120527,140500,128.4634044,37.26279412,2012052714
20120602,174900,128.0482851,38.09544473,2012060217
20120619,111700,127.5443246,37.73170326,2012061911
20120528,120900,128.7071677,37.50187333,2012052812
20120608,151500,128.4555725,37.21905666,2012060815
20120527,141000,128.3955024,37.2097873,2012052714
20120531,144200,128.5458572,38.27442322,2012053114
20120614,135800,127.7632632,38.19901123,2012061413
20120622,122400,127.8513371,37.53119262,2012062212
20120620,132400,128.4624877,37.50270081,2012062013
20120530,051200,128.084883,37.73984614,2012053005
20120808,225000,128.7470916,37.29260673,2012080822
20121102,140700,128.5439227,37.63250821,2012110214
20120614,213100,127.7599745,37.90694781,2012061421
20121014,142800,128.5045017,38.16083164,2012101414
20120530,091000,127.981324,38.14401129,2012053009
20120629,054100,127.7759807,37.25831688,2012062905
20121227,131400,127.9553324,37.37976852,2012122713
20121021,130000,127.8170263,37.28866955,2012102113
20121127,121600,127.7262092,37.93183852,2012112712
20120621,135200,127.837713,37.74010153,2012062113
20130109,030000,128.9521642,37.72554159,2013010903
20130228,120900,129.3365258,37.17780337,2013022812
20130110,215400,128.8765644,37.79077364,2013011021
20121024,155000,128.4875735,38.37325284,2012102415
20120626,115600,127.6794394,37.92125169,2012062611
20130306,150800,127.6642565,37.70451286,2013030615
20130303,115400,128.5731275,38.20184354,2013030311
20121226,122100,129.1785426,37.17769467,2012122612
20130112,164600,128.6104563,38.12910589,2013011216
20130309,131000,127.8887285,37.98566448,2013030913
20130109,030000,128.9521642,37.72554159,2013010903
20130311,124400,127.9515954,38.15057121,2013031112
20130104,173500,129.1012337,37.49339863,2013010417
20130309,162400,127.7190445,37.81433954,2013030916
20130115,082100,128.6196869,38.08881421,2013011508
20130323,143100,127.8044002,37.35180589,2013032314
20130316,105800,128.6053749,38.1178438,2013031610
20130304,122100,129.2154211,37.31608789,2013030412
20130327,202600,129.042942,37.08980603,2013032720
20130309,170300,128.9610788,37.74002205,2013030917
20130308,121200,128.7172639,37.91742118,2013030812
20130413,121400,128.9082215,37.77288249,2013041312
20130308,011000,129.3415935,37.16001687,2013030801
20130328,021200,128.8883375,37.76944301,2013032802
20130310,132900,128.4837552,37.41432483,2013031013
20130413,144000,128.376151,38.52504419,2013041314
20130418,184800,127.6981008,37.66751635,2013041818
20130422,195600,128.8725534,37.77383088,2013042219
20130316,130000,127.219533,38.15854796,2013031613
20130328,201700,129.042942,37.08980603,2013032820
20130327,143500,127.6183427,37.80658058,2013032714
20130504,125000,127.8362775,37.66872565,2013050412
20130327,155400,127.884334,37.70023437,2013032715
20130427,114700,128.7396859,37.98425724,2013042711
20130504,143300,128.5136257,37.62297692,2013050414
20130401,142000,127.778023,37.87856338,2013040114
20130416,203600,127.8058969,37.75185558,2013041620
20130506,144900,127.7777435,37.91695546,2013050614
20130508,122500,128.1233672,37.36234139,2013050812
20130429,153200,128.4179441,38.35192304,2013042915
20130419,103200,127.5213286,38.12343296,2013041910
20130419,110700,127.8044695,37.59243466,2013041911
20130516,111400,127.7319748,37.60998943,2013051611
20130508,134700,128.1130688,38.29237722,2013050813
20130516,132300,128.6695582,37.64212851,2013051613
20130506,012700,127.778023,37.87856338,2013050601
20130430,115900,129.0722029,37.33515312,2013043011
20130521,153200,128.0482851,38.09544473,2013052115
20130507,121100,128.8938489,37.72830989,2013050712
20130512,135700,129.1024937,37.41240557,2013051213
20130610,131300,128.4514783,37.80769807,2013061013
20130508,110400,128.5045017,38.16083164,2013050811
20131020,071000,128.4730804,37.61356601,2013102007
20130611,154000,128.0482851,38.09544473,2013061115
20130517,223000,127.6490717,37.86876806,2013051722
20131027,100700,128.8763316,37.46639468,2013102710
20130514,082900,127.832603,38.17925471,2013051408
20131101,154500,128.2913415,37.9149348,2013110115
20130605,191100,128.7439323,37.33638484,2013060519
20130811,123900,129.1717821,37.09021427,2013081112
20131120,175900,128.8938489,37.72830989,2013112017
20130607,025900,127.778023,37.87856338,2013060702
20131204,110600,128.9736043,37.70997261,2013120411
20131122,221700,128.9863777,37.31440302,2013112222
20131029,143000,127.6876725,38.00413146,2013102914
20131206,132000,127.9596029,37.41097613,2013120613
20130825,200500,128.7280571,37.46579021,2013082520
20131228,133600,128.2579044,38.27479167,2013122813
20131108,213100,128.6196869,38.08881421,2013110821
20131124,144300,128.5439227,37.63250821,2013112414
20131112,184800,128.9011334,37.11114967,2013111218
20140113,123400,127.6363489,38.15802632,2014011312
20140115,161900,129.055562,37.23804343,2014011516
20140226,140100,128.0137693,37.77850519,2014022614
20131206,140200,128.7080169,38.02775819,2013120614
20140227,122600,128.0898983,37.46839458,2014022712
20131201,214000,128.8505149,37.73898856,2013120121
20140303,113700,127.9085251,37.2590774,2014030311
20140101,040300,128.9136305,37.73707844,2014010104
20140116,104400,128.6031065,37.51013847,2014011610
20140101,094000,128.8755172,37.72112592,2014010109
20140305,153900,127.6017172,38.05038696,2014030515
20140307,115100,128.542178,37.14196989,2014030711
20140310,101900,127.7251473,38.10489962,2014031010
20140302,163200,127.1388701,38.25930844,2014030216
20140315,105600,128.8922467,37.7979118,2014031510
20140119,193100,128.0837904,37.27646067,2014011919
20140310,113900,127.8144917,37.64088876,2014031011
20140303,140600,127.985942,37.3070068,2014030314
20140307,133700,127.6162645,37.84952319,2014030713
20140305,150700,127.5776777,37.75679667,2014030515
20140327,154800,127.3558565,38.18469845,2014032715
20140327,172600,127.5793791,37.68562307,2014032717
20140401,134200,127.908953,37.50040836,2014040113
20140311,164900,127.8416013,37.17488874,2014031116
20140410,130400,128.0482851,38.09544473,2014041013
20140402,144100,128.7564695,37.58742176,2014040214
20140307,150800,127.8504591,37.80532767,2014030715
20140324,162400,128.0391318,37.87882395,2014032416
20140327,182900,128.4661713,37.69787972,2014032718
20140324,191400,128.6264087,38.12414644,2014032419
20140411,142500,127.9127755,37.87261004,2014041114
20140411,172700,127.80052,37.39316088,2014041117
20140409,135200,128.4555725,37.21905666,2014040913
20140415,104600,128.376151,38.52504419,2014041510
20140413,160600,128.8209768,37.33525885,2014041316
20140413,141400,127.8504591,37.80532767,2014041314
20140328,060900,127.5793791,37.68562307,2014032806
20140410,150800,127.3558565,38.18469845,2014041015
20140417,191400,127.778023,37.87856338,2014041719
20140412,135900,127.9309621,38.10120094,2014041213
20140420,134100,127.5636016,37.66146304,2014042013
20140413,210500,128.5296827,37.37219867,2014041321
20140424,105000,128.2438141,37.73821838,2014042410
20140413,135200,128.0003831,37.65965798,2014041313
20140422,144400,128.0329259,37.73035663,2014042214
20140422,103800,128.3062379,38.12636952,2014042210
20140415,172900,128.376151,38.52504419,2014041517
20140410,173300,127.3558565,38.18469845,2014041017
20140424,152600,127.7701328,37.79327062,2014042415
20140424,181500,127.6826134,37.75370972,2014042418
20140423,133000,127.6533731,37.7441063,2014042313
20140421,131500,128.3462479,37.25887166,2014042113
20140426,103900,128.4860731,37.65261051,2014042610
20140421,160500,128.5270312,38.22913757,2014042116
20140425,141000,128.7477079,37.94743097,2014042514
20140425,121300,128.4555725,37.21905666,2014042512
20140424,114500,128.0939569,37.50978628,2014042411
20140416,224500,127.778023,37.87856338,2014041622
20140504,184200,128.0003831,37.65965798,2014050418
20140427,152500,128.7663956,37.92215124,2014042715
20140425,101700,129.1304677,37.45006454,2014042510
20140425,201400,127.7251473,38.10489962,2014042520
20140514,182200,128.9535736,37.50614443,2014051418
20140424,183200,128.4555725,37.21905666,2014042418
20140510,150000,128.3801482,37.26561564,2014051015
20140509,160300,129.1277569,37.27913742,2014050916
20140426,131800,127.6870303,38.1108786,2014042613
20140529,153200,128.376151,38.52504419,2014052915
20140424,125400,128.4555725,37.21905666,2014042412
20140530,073400,128.0482851,38.09544473,2014053007
20140506,183600,128.513417,37.15437443,2014050618
20140511,163600,128.1137194,37.99119248,2014051116
20140615,141000,128.1202057,38.153384,2014061514
20140610,165200,127.9085251,37.2590774,2014061016
20140505,190400,128.0835488,38.21970459,2014050519
20140601,214100,128.1768533,37.52298677,2014060121
20140526,115800,129.1970713,37.36067251,2014052611
20140910,144400,127.854196,38.08320292,2014091014
20140426,151200,127.9430929,38.05493676,2014042615
20140612,134900,127.8044002,37.35180589,2014061213
20140920,125200,127.8217929,38.01987412,2014092012
20140531,170100,128.5296827,37.37219867,2014053117
20141029,174600,127.517635,38.07734446,2014102917
20140531,102800,128.7860619,37.89909234,2014053110
20141029,133300,128.4370423,37.99696077,2014102913
20140619,150300,128.1551987,38.00740928,2014061915
20141028,115200,128.0102428,37.86141798,2014102811
20141104,142200,127.2756653,38.22117002,2014110414
20140528,152800,128.0482851,38.09544473,2014052815
20141029,153800,128.1804605,37.64083945,2014102915
20141109,131700,128.1468264,37.80921054,2014110913
20141025,142500,128.583964,38.09046933,2014102514
20141222,101800,128.7196081,37.99063536,2014122210
20141209,122900,127.5213286,38.12343296,2014120912
20140920,133400,127.832603,38.17925471,2014092013
20141030,144100,128.375202,37.49065588,2014103014
20141123,082800,128.5609459,38.06705453,2014112308
20150110,125500,128.7564695,37.58742176,2015011012
20140720,155900,127.6825981,37.8283812,2014072015
20150113,165800,127.6120053,38.25162717,2015011316
20141209,130000,128.6661025,38.07684257,2014120913
20141115,023600,128.3197119,37.60073257,2014111502
20150208,132500,129.1785426,37.17769467,2015020813
20141111,113000,127.981324,38.14401129,2014111111
20150302,132500,128.326332,37.23836603,2015030213
20150201,160800,127.9645129,37.93072558,2015020116
20150102,122500,128.6639845,38.08648363,2015010212
20150307,133000,127.800667,37.88915531,2015030713
20141031,152600,128.2579044,38.27479167,2014103115
20150226,141500,127.9553324,37.37976852,2015022614
20150308,104300,128.1875472,37.55566729,2015030810
20150309,142100,127.7710314,37.9815892,2015030914
20150131,143300,128.4857446,38.2493739,2015013114
20150201,135300,128.6005757,38.10747203,2015020113
20150310,165300,128.5651808,37.63916937,2015031016
20150309,111400,127.9052816,37.57904406,2015030911
20150302,161700,128.3062379,38.12636952,2015030216
20150309,144000,127.7777435,37.91695546,2015030914
20150105,015200,128.8199003,37.89690339,2015010501
20150311,185900,128.0003831,37.65965798,2015031118
20150314,115000,128.8580721,37.76720073,2015031411
20150317,160500,129.2449937,37.21264738,2015031716
20150308,110100,128.4637899,38.31384671,2015030811
20150315,143200,129.0737062,37.47802771,2015031514
20150308,135800,128.8364506,37.75916081,2015030813
20150311,104600,128.9082215,37.77288249,2015031110
20150321,132100,127.7251473,38.10489962,2015032113
20150319,150300,127.501427,38.02936728,2015031915
20150307,115000,128.1731711,37.59419733,2015030711
20150322,141400,128.2209113,37.59956245,2015032214
20150322,160800,128.0102428,37.86141798,2015032216
20150324,163200,128.1468264,37.80921054,2015032416
20150314,131900,128.0835488,38.21970459,2015031413
20150314,145300,127.7511028,37.63272685,2015031414
20150323,131000,128.0329259,37.73035663,2015032313
20150322,134000,128.3087645,37.33207348,2015032213
20150325,141400,129.1520697,37.47430962,2015032514
20150325,132100,128.2610704,37.68964753,2015032513
20150311,171500,128.7589673,37.83784866,2015031117
20150325,162000,127.8648391,37.17344763,2015032516
20150325,165300,128.5462964,37.33774762,2015032516
20150326,132900,128.1577895,37.24666394,2015032613
20150323,094300,127.3390101,38.25928408,2015032309
20150326,124000,129.1004438,37.44659796,2015032612
20150323,124200,128.1202057,38.153384,2015032312
20150329,130400,127.9553324,37.37976852,2015032913
20150325,143800,127.9573017,37.50298219,2015032514
20150328,144100,128.5296827,37.37219867,2015032814
20150322,135800,127.796507,38.07952664,2015032213
20150403,143500,128.2293478,38.13816351,2015040314
20150412,065600,127.9248315,37.40986028,2015041206
20150423,151400,128.3858211,38.04943685,2015042315
20150325,184900,128.1468264,37.80921054,2015032518
20150423,121400,128.3649883,38.33328292,2015042312
20150325,200100,127.5511142,37.7825205,2015032520
20150426,123700,127.5882885,38.13854587,2015042612
20150329,142500,127.5757446,37.80932425,2015032914
20150424,133300,128.757274,37.53381582,2015042413
20150325,155500,129.0235248,37.25192226,2015032515
20150427,171800,128.9481861,37.5770889,2015042717
20150428,135700,128.084883,37.73984614,2015042813
20150502,124400,128.3023559,37.15361286,2015050212
20150412,161300,127.3857321,38.23543737,2015041216
20150413,104100,127.6732848,38.16758421,2015041310
20150430,060900,128.0020564,38.09501607,2015043006
20150505,071000,128.8191406,37.80780973,2015050507
20150502,171700,128.7148328,37.88731599,2015050217
20150330,125200,127.6183427,37.80658058,2015033012
20150426,192600,128.9481861,37.5770889,2015042619
20150507,133000,127.6794394,37.92125169,2015050713
20150505,162800,127.9573017,37.50298219,2015050516
20150511,132600,128.8501672,37.48288133,2015051113
20150428,154300,128.3911216,37.57941203,2015042815
20150429,210900,128.0020564,38.09501607,2015042921
20150510,140300,128.7564695,37.58742176,2015051014
20150517,110000,128.7196081,37.99063536,2015051711
20150427,123700,128.1267544,38.27724553,2015042712
20150511,181200,127.8202308,37.31597574,2015051118
20150526,133300,127.4898863,38.20588761,2015052613
20150521,153700,127.8933855,37.70563622,2015052115
20150521,154400,128.424068,37.23330903,2015052115
20150507,144500,127.7423922,37.76491496,2015050714
20150505,105300,128.7564695,37.58742176,2015050510
20150508,134900,128.7793359,37.65770262,2015050813
20150525,012100,128.0780498,37.61492399,2015052501
20150528,175500,128.5075218,37.30885656,2015052817
20150505,110700,128.3197119,37.60073257,2015050511
20150531,132500,127.6625668,38.19115616,2015053113
20150602,114300,127.3443393,38.12477736,2015060211
20150528,101700,128.2579044,38.27479167,2015052810
20150521,192200,128.7564695,37.58742176,2015052119
20150531,141800,127.5213286,38.12343296,2015053114
20150517,171000,128.3449496,37.78965363,2015051717
20150603,135400,128.293337,37.88162005,2015060313
20150523,174900,128.3597716,37.36177112,2015052317
20150602,113500,127.6034228,38.09036098,2015060211
20150521,145500,129.1529867,37.3543038,2015052114
20150604,132800,127.3558565,38.18469845,2015060413
20150607,122900,127.7632632,38.19901123,2015060712
20150602,152400,127.5757446,37.80932425,2015060215
20150604,143600,128.8407797,37.56357716,2015060414
20150531,190100,128.0563854,37.46348362,2015053119
20150529,150100,129.1255713,37.15389426,2015052915
20150610,123700,127.8513371,37.53119262,2015061012
20150601,040000,128.1804605,37.64083945,2015060104
20150607,061400,127.5776777,37.75679667,2015060706
20150531,105200,128.8958764,37.38398138,2015053110
20150610,160000,128.669186,37.43334808,2015061016
20150616,134400,127.7728151,38.06510812,2015061613
20150609,170300,128.3483948,38.18746818,2015060917
20150611,132000,127.9512349,37.83011847,2015061113
20150604,235600,128.4623358,38.33768727,2015060423
20150622,143000,127.9768646,37.74084271,2015062214
20150604,180400,127.5776777,37.75679667,2015060418
20150604,065700,127.9973831,37.91016907,2015060406
20150613,223300,127.5882885,38.13854587,2015061322
20150927,112800,127.6058011,38.00679681,2015092711
20150617,154300,127.9645129,37.93072558,2015061715
20151015,115700,127.6490717,37.86876806,2015101511
20150927,115700,128.3026982,37.47437367,2015092711
20151017,093000,128.6582525,37.83021559,2015101709
20150612,224800,128.1137194,37.99119248,2015061222
20150603,140000,127.5776777,37.75679667,2015060314
20151024,115700,128.7564695,37.58742176,2015102411
20150610,150300,128.2293478,38.13816351,2015061015
20151011,121500,127.6490717,37.86876806,2015101112
20151016,153500,128.6351231,37.39313078,2015101615
20151102,081300,128.2669641,37.81181406,2015110208
20151025,224000,128.644531,37.58059773,2015102522
20151102,163500,128.0482851,38.09544473,2015110216
20150612,134000,128.1137194,37.99119248,2015061213
20151006,150900,127.3558565,38.18469845,2015100615
20150610,131500,128.376151,38.52504419,2015061013
20151205,190900,128.0835488,38.21970459,2015120519
20151102,134500,128.8309159,37.86317803,2015110213
20150926,163400,128.2154152,37.54233753,2015092616
20151222,135200,128.9319109,37.75447118,2015122213
20151101,160700,128.2669641,37.81181406,2015110116
20151206,174800,128.9082215,37.77288249,2015120617
20160105,135300,127.5059635,38.07736919,2016010513
20150929,134600,127.8429461,37.23853953,2015092913
20151101,145200,128.5360676,38.26266484,2015110114
20160113,112400,127.9136471,37.44641265,2016011311
20160104,113100,128.4040495,38.43227597,2016010411
20150925,141800,128.1233672,37.36234139,2015092514
20160125,170200,127.6177861,37.73141172,2016012517
20151022,115500,127.6034228,38.09036098,2015102211
20160119,183500,128.8884562,37.69468846,2016011918
20151216,134200,128.7458818,37.95721062,2015121613
20160126,110700,128.376151,38.52504419,2016012611
20151029,154900,128.0482851,38.09544473,2015102915
20151215,144700,128.8525198,37.79261172,2015121514
20160129,012200,128.0984613,37.81415065,2016012901
20160126,034800,127.6641808,38.01993609,2016012603
20151017,153200,127.3558565,38.18469845,2015101715
20160129,114900,127.8746608,37.74966685,2016012911
20151106,100700,127.7319748,37.60998943,2015110610
20160123,115800,127.2375796,38.23577375,2016012311
20160204,111900,127.8082771,37.28514785,2016020411
20160122,163000,127.6993345,37.80582687,2016012216
20151212,132600,127.9507222,37.4833136,2015121213
20160201,174200,128.0984613,37.81415065,2016020117
20160205,155300,128.0796698,37.46878959,2016020515
20151104,104200,128.2913415,37.9149348,2015110410
20160208,131900,127.9927186,37.49851935,2016020813
20160203,143800,127.2375796,38.23577375,2016020314
20160112,142400,128.0482851,38.09544473,2016011214
20160201,143000,128.118686,37.24867646,2016020114
20160223,135100,127.9487435,38.10688467,2016022313
20160131,130600,128.4555725,37.21905666,2016013113
20160120,125300,127.7322298,37.96757495,2016012012
20160221,151500,128.7331696,37.27460927,2016022115
20160106,150900,128.4040495,38.43227597,2016010615
20160226,153600,128.7909358,37.11080238,2016022615
20160302,175800,128.7993514,37.73448291,2016030217
20160127,161400,127.8846944,37.19802507,2016012716
20160223,133300,128.2795402,38.17632844,2016022313
20160221,090600,128.6493289,37.24418586,2016022109
20160218,232000,129.0933931,37.55189406,2016021823
20160316,112500,128.4265436,37.27495978,2016031611
20160312,181200,127.7322298,37.96757495,2016031218
20160130,111600,127.6070211,38.19844894,2016013011
20160126,164500,128.5542285,38.13219246,2016012616
20160317,121500,128.7993514,37.73448291,2016031712
20160317,134200,127.2375796,38.23577375,2016031713
20160306,152800,128.7331696,37.27460927,2016030615
20160205,135400,127.5059635,38.07736919,2016020513
20160304,171900,127.3512,38.18996392,2016030417
20160210,132600,127.8880666,37.96196301,2016021013
20160315,170700,127.6070211,38.19844894,2016031517
20160204,133500,127.8400299,37.88696572,2016020413
20160324,125800,128.0251171,37.40293507,2016032412
20160323,162200,127.9136471,37.44641265,2016032316
20160226,143000,127.78134,37.8375589,2016022614
20160304,133200,127.8880666,37.96196301,2016030413
20160223,174100,127.5059635,38.07736919,2016022317
20160316,170500,128.5029545,38.33398151,2016031617
20160318,133900,127.7889389,37.77523015,2016031813
20160316,131300,128.0796698,37.46878959,2016031613
20160327,113500,127.5059635,38.07736919,2016032711
20160401,163900,127.9927186,37.49851935,2016040116
20160328,125500,127.3959937,38.26526791,2016032812
20160328,182100,128.118686,37.24867646,2016032818
20160406,151400,127.7893284,37.20977323,2016040615
20160401,215800,128.0482851,38.09544473,2016040121
20160429,135300,128.1267544,38.27724553,2016042913
20160329,105700,127.3959937,38.26526791,2016032910
20160518,115700,128.376151,38.52504419,2016051811
20160329,135400,127.2375796,38.23577375,2016032913
20160331,091300,127.6669944,38.07868437,2016033109
20160402,045300,128.0482851,38.09544473,2016040204
20160406,191200,128.0003831,37.65965798,2016040619
20160605,192900,128.5029545,38.33398151,2016060519
20160331,124300,127.5059635,38.07736919,2016033112
20160823,161000,127.8846944,37.19802507,2016082316
20160401,111400,128.5651808,37.63916937,2016040111
20160430,190200,128.6874136,37.82858337,2016043019
20160402,123600,128.0482851,38.09544473,2016040212
20170114,214400,128.7194524,38.01529505,2017011421
20160409,153200,128.5029545,38.33398151,2016040915
20160401,124300,128.0482851,38.09544473,2016040112
20170310,211300,127.8144917,37.64088876,2017031021
20160401,141000,127.1608193,38.25869356,2016040114
20160402,140000,127.6317385,37.66709005,2016040214
20160518,130300,128.5542285,38.13219246,2016051813
20170314,123000,127.5484898,38.17936698,2017031412
20170322,163800,128.1416315,38.07785672,2017032216
20160402,152400,128.6308951,37.09668789,2016040215
20160502,110500,127.9136471,37.44641265,2016050211
20160411,125100,127.7322298,37.96757495,2016041112
20160606,123400,128.6874136,37.82858337,2016060612
20170410,121700,128.4804395,37.55738771,2017041012
20170423,152700,128.5045017,38.16083164,2017042315
20160402,163600,128.0482851,38.09544473,2016040216
20160920,140200,127.6641808,38.01993609,2016092014
20170501,125200,128.0482851,38.09544473,2017050112
20160520,150700,128.0251171,37.40293507,2016052015
20160414,133600,127.1608193,38.25869356,2016041413
20170503,202700,128.7455897,37.11781285,2017050320
20160402,185700,128.3162928,37.45624361,2016040218
20160506,031200,129.1582369,37.47108274,2016050603
20170116,133900,128.4588916,38.08456285,2017011613
20170507,191400,127.8887285,37.98566448,2017050719
20170520,151800,127.501427,38.02936728,2017052015
20160416,151100,129.0690236,37.40796204,2016041615
20160404,175000,127.6669944,38.07868437,2016040417
20160606,141100,128.10486,37.99815309,2016060614
20170311,114300,127.6794394,37.92125169,2017031111
20170604,105500,128.2266241,38.04107805,2017060410
20160406,051900,127.6669944,38.07868437,2016040605
20171111,142200,128.5045017,38.16083164,2017111114
20160507,164700,128.9186066,37.33390467,2016050716
20160521,150400,127.6993345,37.80582687,2016052115
20170314,150400,127.5793791,37.68562307,2017031415
20160424,011100,128.1267544,38.27724553,2016042401
20171202,210400,127.8067106,37.22402444,2017120221
20161023,130100,128.0362822,37.86430712,2016102313
20180201,134900,128.2438141,37.73821838,2018020113
20170322,175000,127.517635,38.07734446,2017032217
20180219,145800,127.7759807,37.25831688,2018021914
20160512,172400,129.2299217,37.32299432,2016051217
20160424,095300,129.2830427,37.17919791,2016042409
20160608,153300,127.7911419,38.18534754,2016060815
20170212,120700,127.9130415,37.53746217,2017021212
20180409,143600,129.3364503,37.21035807,2018040914
20170410,142000,128.128876,38.25656095,2017041014
20160521,195400,127.9487435,38.10688467,2016052119
20180421,163500,127.6490717,37.86876806,2018042116
20180622,144100,128.0482851,38.09544473,2018062214
20170424,135500,128.8424757,37.85220915,2017042413
20160425,130500,127.7911419,38.18534754,2016042513
20170311,132600,127.6826134,37.75370972,2017031113
20180805,163400,128.0003831,37.65965798,2018080516
20160514,123900,128.6493289,37.24418586,2016051412
20161114,123300,128.9186066,37.33390467,2016111412
20181127,095800,129.0427142,37.66869048,2018112709
20170501,144000,128.4623358,38.33768727,2017050114
20190122,115800,129.0615687,37.14641552,2019012211
20160427,231900,127.5059635,38.07736919,2016042723
20160522,142600,128.293337,37.88162005,2016052214
20160610,125300,128.0984613,37.81415065,2016061012
20170315,110100,127.7701328,37.79327062,2017031511
20190214,110100,127.6410825,38.28543542,2019021411
20170504,074000,128.4834935,37.14826496,2017050407
20190308,051100,128.2438141,37.73821838,2019030805
20160514,152000,128.7331696,37.27460927,2016051415
20170221,115400,128.9873157,37.7269342,2017022111
20170507,195200,127.9645129,37.93072558,2017050719
20190404,024500,128.1551987,38.00740928,2019040402
20170323,133300,128.0748055,37.56870872,2017032313
20190420,122700,127.7436275,38.00794238,2019042012
20170521,120600,128.2170517,37.8644461,2017052112
20160522,174100,127.6993345,37.80582687,2016052217
20190506,020800,128.0329259,37.73035663,2019050602
20161121,042600,128.8884562,37.69468846,2016112104
20160515,131100,128.6493289,37.24418586,2016051513
20160610,130700,128.6493289,37.24418586,2016061013
20190512,115900,128.6690977,37.25234544,2019051211
20170311,143700,128.0482851,38.09544473,2017031114
20170410,170000,127.4063172,38.15908097,2017041017
20170604,115800,127.5521343,38.06083224,2017060411
20190707,040400,128.1875472,37.55566729,2019070704
20191211,042600,128.2004825,38.08826131,2019121104
20171115,210600,127.6931312,37.86680479,2017111521
20200122,075700,128.9319109,37.75447118,2020012207
20170428,141500,128.4514783,37.80769807,2017042814
20160518,111400,128.5029545,38.33398151,2016051811
20160530,134800,128.5651808,37.63916937,2016053013
20170221,205500,128.5045017,38.16083164,2017022120
20200315,025300,128.8698391,37.78202996,2020031502
20170316,152100,127.4400428,38.29243791,2017031615
20171216,220800,127.8202308,37.31597574,2017121622
20200403,024400,128.0345657,37.91655679,2020040302
20160617,130200,127.6619665,37.9042324,2016061713
20161124,171700,127.8471509,37.47650613,2016112417
20200411,023400,128.1091367,37.46212269,2020041102
20170502,122000,127.7748308,37.18048184,2017050212
20180203,144600,128.2438141,37.73821838,2018020314
20200426,012600,127.800667,37.88915531,2020042601
20170330,134200,127.219533,38.15854796,2017033013
20200531,073400,127.7413356,37.95862839,2020053107
20160603,112500,128.10486,37.99815309,2016060311
20180220,155600,128.6262246,37.2722654,2018022015
20170311,152900,127.6630937,37.98612341,2017031115
20170505,145100,128.7099875,37.32087886,2017050514
20201018,013600,128.0329259,37.73035663,2020101801
20201212,114300,128.0525245,37.20840147,2020121211
20180411,111700,127.3558565,38.18469845,2018041111
20210209,011600,129.0692186,37.34875176,2021020901
20160620,152700,127.8956534,37.28627207,2016062015
20170222,090800,128.9873157,37.7269342,2017022209
20170412,082800,127.219533,38.15854796,2017041208
20170508,100200,127.6931312,37.86680479,2017050810
20210312,071100,128.5531521,37.11177263,2021031207
20161125,173500,127.9927186,37.49851935,2016112517
20180427,073500,128.9136305,37.73707844,2018042707
20160604,110100,127.6669944,38.07868437,2016060411
20210421,122000,128.6176643,37.66866168,2021042112
20170317,134200,127.2762532,38.26278104,2017031713
20210507,110500,129.0977627,37.22456064,2021050711
20180622,222100,128.1267706,38.05317207,2018062222
20170521,144500,127.7599745,37.90694781,2017052114
20210123,182100,127.1901304,38.26204622,2021012318
20170429,051800,128.3813453,38.43359443,2017042905
20210220,050000,128.541642,37.9692441,2021022005
20180805,181800,128.8237038,37.53453306,2018080518
20160629,151400,127.8471509,37.47650613,2016062915
20170311,154600,127.7052502,37.95624247,2017031115
20210412,130200,128.6192806,37.44453193,2021041213
20170604,121900,127.4700798,38.16395879,2017060412
20170330,150300,127.953469,37.78654327,2017033015
20210117,153649,129.0713726,37.53388337,2021011715
20181130,194400,128.0054713,37.34371751,2018113019
20170111,142200,127.6734108,37.88165694,2017011114
20170228,105300,128.1288643,37.77259279,2017022810
20210220,155005,128.757274,37.53381582,2021022015
20170502,130700,127.8429461,37.23853953,2017050213
20190124,034800,128.2297152,38.22767697,2019012403
20210417,120442,128.644531,37.58059773,2021041712
20171116,121300,127.5443246,37.73170326,2017111612
20210427,131308,128.1202057,38.153384,2021042713
20190224,124000,128.0327835,38.23630543,2019022412
20210514,115006,128.2146563,37.41472564,2021051411
20160818,155500,127.8471509,37.47650613,2016081815
20170318,130000,128.5476414,38.22290081,2017031813
20170413,111200,127.6490717,37.86876806,2017041311
20170505,150300,128.7564695,37.58742176,2017050515
20171222,164800,128.5609459,38.06705453,2017122216
20190309,074500,128.8267616,37.73681589,2019030907
20170112,161900,128.8552603,37.83707564,2017011216
20170311,162300,127.6981008,37.66751635,2017031116
20190404,041200,127.8067106,37.22402444,2019040404
20180207,104400,128.0619576,37.40455783,2018020710
20170303,204700,127.6981008,37.66751635,2017030320
20170508,150500,127.8144917,37.64088876,2017050815
20170429,121600,127.655383,37.90332142,2017042912
20190422,035700,127.7632632,38.19901123,2019042203
20170330,151000,127.6162645,37.84952319,2017033015
20180314,143300,127.7153355,37.85819386,2018031414
20190506,054600,128.0101032,37.37151534,2019050605
20170525,101200,127.655383,37.90332142,2017052510
20170114,103100,127.9435146,37.55385866,2017011410
20190516,035500,128.6176643,37.66866168,2019051603
20180413,125100,127.9127755,37.87261004,2018041312
20170319,103700,128.4407032,37.64223712,2017031910
20170502,145300,128.1468264,37.80921054,2017050214
20170309,102800,128.9481861,37.5770889,2017030910
20190708,093800,128.0837904,37.27646067,2019070809
20170312,174400,127.5752476,37.85366089,2017031217
20170413,153200,128.4435875,38.46278454,2017041315
20170611,060000,128.376151,38.52504419,2017061106
20180428,141400,128.8501672,37.48288133,2018042814
20191211,071800,128.6192806,37.44453193,2019121107
20170505,181900,128.0003831,37.65965798,2017050518
20200123,125200,128.136093,37.49188212,2020012312
20180623,141900,127.8822058,38.02494543,2018062314
20171116,130300,128.3567011,37.31131559,2017111613
20170404,130100,128.3752054,38.50949756,2017040413
20200319,070300,127.8792239,37.28541859,2020031907
20170429,152400,127.335674,38.29676558,2017042915
20180815,082300,128.0047415,37.58716894,2018081508
20170310,113500,127.778023,37.87856338,2017031011
20170319,105200,127.6778589,38.10179566,2017031910
20200404,032600,129.2154211,37.31608789,2020040403
20170508,211500,127.8144917,37.64088876,2017050821
20171229,174500,128.9610788,37.74002205,2017122917
20170313,154600,128.614925,37.09536437,2017031315
20181201,152500,128.1202057,38.153384,2018120115
20200413,071500,127.4745113,38.07563609,2020041307
20170420,113000,128.5010485,38.34034952,2017042011
20170502,150300,128.4435875,38.46278454,2017050215
20200427,112800,127.946021,37.53512378,2020042711
20180207,212500,128.9179434,37.75892015,2018020721
20190125,031000,127.8721007,37.36925585,2019012503
20170526,113700,127.6162645,37.84952319,2017052611
20200608,031500,127.9127755,37.87261004,2020060803
20170404,193000,127.3558565,38.18469845,2017040419
20190225,094300,128.5731275,38.20184354,2019022509
20201025,115800,128.3752871,38.58254188,2020102511
20180318,123200,128.2029199,37.66109902,2018031812
20170314,122100,127.5752476,37.85366089,2017031412
20170319,142000,128.466175,37.20323317,2017031914
20170506,114200,129.0235248,37.25192226,2017050611
20201212,031600,128.1577895,37.24666394,2020121203
20170619,120100,128.7564695,37.58742176,2017061912
20170429,160000,127.7701328,37.79327062,2017042916
20190312,030000,127.8125384,37.92739885,2019031203
20210210,021200,128.0003831,37.65965798,2021021002
20180418,152200,127.5213286,38.12343296,2018041815
20190404,071700,128.4749581,38.2052359,2019040407
20210323,035200,127.953469,37.78654327,2021032303
20171116,150400,128.1288643,37.77259279,2017111615
20170423,030800,128.0204074,37.49307924,2017042303
20170508,231200,128.9917676,37.27030343,2017050823
20210421,010800,128.0473368,38.26612231,2021042101
20180601,143400,127.6641808,38.01993609,2018060114
20190502,022100,127.6183427,37.80658058,2019050202
20170503,111400,127.874584,37.75047986,2017050311
20210508,121200,128.2146563,37.41472564,2021050812
20170408,132800,128.1990595,37.35631563,2017040813
20170319,181400,127.7356873,37.87014698,2017031918
20190506,073000,128.0329259,37.73035663,2019050607
20180102,201400,128.0244432,37.43773408,2018010220
20210211,151200,127.2982817,38.29684267,2021021115
20180624,163800,127.8701495,37.71400198,2018062416
20170527,110200,128.4661713,37.69787972,2017052711
20210220,145700,127.7701328,37.79327062,2021022014
20190519,021700,128.9610788,37.74002205,2019051902
20170429,164400,129.0003415,37.51693998,2017042916
20210420,094600,127.9267323,37.34971893,2021042009
20170506,135900,128.4749561,38.37838014,2017050613
20180815,114900,128.2146563,37.41472564,2018081511
20180208,150000,128.0482851,38.09544473,2018020815
20190709,014900,127.8416013,37.17488874,2019070901
20210120,144657,127.9692608,37.57149753,2021012014
20170423,130200,128.6896425,37.16853125,2017042313
20170619,210000,128.2085732,37.77712239,2017061921
20210222,141118,127.8217929,38.01987412,2021022214
20181208,141600,128.8189038,37.87749505,2018120814
20191220,115600,127.9188212,37.72405128,2019122011
20170410,112100,128.0082595,37.41590206,2017041011
20180325,194800,127.9553324,37.37976852,2018032519
20210418,130059,128.5588272,37.43151982,2021041813
20170503,143500,128.7455897,37.11781285,2017050314
20170509,144700,127.9163585,37.29904531,2017050914
20200129,122100,127.6034228,38.09036098,2020012912
20190126,020900,128.2972558,37.42446056,2019012602
20210429,210750,129.1717821,37.09021427,2021042921
20171119,133600,128.7071677,37.50187333,2017111913
20210607,151139,128.7860619,37.89909234,2021060715
20180419,193000,128.7196081,37.99063536,2018041919
20200319,123800,127.80052,37.39316088,2020031912
20170429,183200,127.6945265,37.84456095,2017042918
20190227,095900,128.780562,37.710108,2019022709
20200404,055000,128.0925761,37.48828372,2020040405
20170601,023000,127.8170263,37.28866955,2017060102
20170423,135700,128.0030471,38.17886089,2017042313
20170506,142100,127.8429461,37.23853953,2017050614
20180104,103900,127.8518348,37.70593078,2018010410
20180603,092900,127.7710314,37.9815892,2018060309
20190313,104700,128.6582525,37.83021559,2019031310
20200414,040000,127.4063172,38.15908097,2020041404
20200429,045600,127.8057131,37.17072823,2020042904
20190404,114600,129.0189678,37.56604169,2019040411
20180624,181800,128.0481111,37.79441219,2018062418
20170503,170100,127.8701495,37.71400198,2017050317
20170620,130200,128.2085732,37.77712239,2017062013
20180209,061200,127.8058969,37.75185558,2018020906
20170519,134400,128.7564695,37.58742176,2017051913
20200613,030700,127.8125384,37.92739885,2020061303
20190502,105700,128.9179434,37.75892015,2019050210
20170501,123500,128.1267706,38.05317207,2017050112
20180817,134600,127.8125384,37.92739885,2018081713
20201029,015500,128.6405499,37.1989838,2020102901
20180328,061400,128.4623358,38.33768727,2018032806
20171119,233900,128.8525198,37.79261172,2017111923
20190507,114700,127.9127755,37.87261004,2019050711
20201225,022200,128.466175,37.20323317,2020122502
20170506,142600,128.0886477,37.82082527,2017050614
20181216,222100,129.0153185,37.69399442,2018121622
20170602,144900,128.9547971,37.61939149,2017060214
20210216,022600,129.0262357,37.60823381,2021021602
20190523,123000,128.8667128,37.41277986,2019052312
20180420,114400,127.6120053,38.25162717,2018042011
20170503,171700,128.4834935,37.14826496,2017050317
20180114,195300,128.5581843,38.10269964,2018011419
20210330,021100,129.2185093,37.15692963,2021033002
20190127,025500,128.0837904,37.27646067,2019012702
20190709,063900,128.3663749,37.16767017,2019070906
20210421,043100,127.7632632,38.19901123,2021042104
20170520,110000,128.0327835,38.23630543,2017052011
20170621,143500,127.3558565,38.18469845,2017062114
20180607,121300,128.3516819,38.61029748,2018060712
20191231,121800,128.4562325,38.23998168,2019123112
20190227,113300,128.4181694,37.59286088,2019022711
20210509,011600,127.8328447,37.5860041,2021050901
20180209,170500,128.7564695,37.58742176,2018020917
20210211,181200,128.4468748,38.3719217,2021021118
20200131,121800,128.188056,37.71416111,2020013112
20170506,152700,128.780562,37.710108,2017050615
20180728,140300,128.5045017,38.16083164,2018072814
20190313,065500,127.7052502,37.95624247,2019031306
20171120,115100,128.4314936,37.12110889,2017112011
20210220,180400,127.4700798,38.16395879,2021022018
20170603,060600,127.8458283,37.85524351,2017060306
20200321,033600,128.0748055,37.56870872,2020032103
20180328,141400,128.8815047,37.54402571,2018032814
20210420,124300,127.9267323,37.34971893,2021042012
20190407,103700,128.614925,37.09536437,2019040710
20181004,133400,128.1551987,38.00740928,2018100413
20200404,044900,127.6876725,38.00413146,2020040404
20210124,174756,127.8362775,37.66872565,2021012417
20170520,123900,128.8397176,37.37448633,2017052012
20180119,114100,127.9052816,37.57904406,2018011911
20190503,024400,127.7356873,37.87014698,2019050302
20180420,133800,128.7118063,37.63184119,2018042013
20210226,133351,127.7681088,37.7345546,2021022613
20200415,084800,127.762218,37.23588976,2020041508
20170622,165200,128.5985871,38.00640685,2017062216
20181231,103700,128.7729315,37.77521697,2018123110
20210419,164554,127.9130415,37.53746217,2021041916
20200430,022700,128.131427,37.70512684,2020043002
20190507,033800,128.188056,37.71416111,2019050703
20210506,173053,128.174778,38.25276856,2021050617
20180211,212300,129.0977627,37.22456064,2018021121
20180607,211300,128.3730951,38.41268309,2018060721
20190127,022200,127.7847758,37.96577506,2019012702
20170603,160200,128.8641233,37.61791185,2017060316
20200623,100100,128.0003831,37.65965798,2020062310
20210608,145246,128.0481111,37.79441219,2021060814
20171130,032400,128.8883375,37.76944301,2017113003
20190524,125900,128.513417,37.15437443,2019052412
20201103,020800,127.7319748,37.60998943,2020110302
20190227,021100,127.6621701,37.93823151,2019022702
20180729,134800,127.5776777,37.75679667,2018072913
20180329,112000,128.1041452,37.43541575,2018032911
20190709,111200,127.8416013,37.17488874,2019070911
20210105,120900,128.7329708,37.85139624,2021010512
20170623,145000,128.0780498,37.61492399,2017062314
20180127,143600,128.2579044,38.27479167,2018012714
20190317,124000,128.5557736,38.16898866,2019031712
20191231,025600,128.8698391,37.78202996,2019123102
20210217,044000,127.5213286,38.12343296,2021021704
20181101,122200,127.8044695,37.59243466,2018110112
20180421,104800,127.7715094,38.09628624,2018042110
20210331,033500,128.6262246,37.2722654,2021033103
20200208,070500,127.5757446,37.80932425,2020020807
20190408,024900,128.1267706,38.05317207,2019040802
20180212,122000,127.9849593,37.57236313,2018021212
20190101,041200,128.549095,38.05355638,2019010104
20171130,105700,127.8604221,37.64284657,2017113010
20210422,012700,127.248594,38.24712568,2021042201
20200324,011900,127.6051479,38.11191423,2020032401
20180608,142400,128.780562,37.710108,2018060814
20190503,105500,127.952588,38.12934857,2019050310
20210509,014300,127.1773689,38.22062163,2021050901
20190127,065600,128.0903464,37.23635106,2019012706
20200408,123900,128.2287993,37.28788219,2020040812
20180401,130300,127.219533,38.15854796,2018040113
20210214,140000,128.4977513,38.35572702,2021021414
20190509,100600,128.6755099,37.20990549,2019050910
20180201,122700,128.0482851,38.09544473,2018020112
20180731,150300,127.7748308,37.18048184,2018073115
20200415,025000,128.375202,37.49065588,2020041502
20210221,192200,127.9267323,37.34971893,2021022119
20190301,123100,128.188056,37.71416111,2019030112
20190529,020300,128.3955024,37.2097873,2019052902
20210421,141900,127.8454577,37.32244091,2021042114
20200430,060500,127.80052,37.39316088,2020043006
20180421,113600,128.1750812,38.0869515,2018042111
20181122,142400,127.4063172,38.15908097,2018112214
20180216,141100,128.3799823,37.35003912,2018021614
20210205,141927,128.6896978,37.46239591,2021020514
20190328,032200,128.6896425,37.16853125,2019032803
20190823,123100,127.8152452,37.47938963,2019082312
20200623,064100,129.0465125,37.52819228,2020062306
20210311,144653,128.5531521,37.11177263,2021031114
20180621,173800,129.0344065,37.64321324,2018062117
20190110,111400,128.5147344,38.28901505,2019011011
20201104,124500,127.2213678,38.19412229,2020110412
20200101,125600,128.8364506,37.75916081,2020010112
20190412,085600,127.9430929,38.05493676,2019041208
20210420,152205,127.7511028,37.63272685,2021042015
20180403,205600,127.946021,37.53512378,2018040320
20210112,114400,128.0003831,37.65965798,2021011211
20210506,210640,129.3215979,37.26828476,2021050621
20200209,064100,128.1577895,37.24666394,2020020906
20190129,125800,128.1433855,37.61207018,2019012912
20190504,012100,128.3649883,38.33328292,2019050401
20180801,085100,127.9127755,37.87261004,2018080108
20210218,101400,128.6208365,38.10949061,2021021810
20200325,040100,128.7455897,37.11781285,2020032504
20180421,151300,127.5572185,38.26156153,2018042115
20190509,112600,128.0481111,37.79441219,2019050911
20210331,035600,128.0030471,38.17886089,2021033103
20190303,113900,127.9267323,37.34971893,2019030311
20181123,095200,129.2899274,37.30509122,2018112309
20200408,013400,128.0101032,37.37151534,2020040801
20210425,023200,128.0837904,37.27646067,2021042502
20190531,071000,128.3955024,37.2097873,2019053107
20180622,093800,128.2525993,38.32904775,2018062209
20190401,064100,127.5739541,37.65335965,2019040106
20200416,013800,127.335674,38.29676558,2020041601
20210509,054400,127.2046393,38.22476981,2021050905
20190119,103900,128.8641233,37.61791185,2019011910
20191031,084700,128.4977513,38.35572702,2019103108
20210217,220700,127.9540535,37.32405921,2021021722
20200501,024700,127.8458283,37.85524351,2020050102
20190416,114400,128.3580416,38.56772211,2019041611
20180803,102800,128.0939569,37.50978628,2018080310
20210319,113500,127.9085251,37.2590774,2021031911
20190130,042300,129.0003415,37.51693998,2019013004
20200103,122200,127.638302,37.96628252,2020010312
20200703,041700,127.9573017,37.50298219,2020070304
20190505,032000,127.7356873,37.87014698,2019050503
20210425,122200,128.3158098,37.65241013,2021042512
20201108,022700,129.0003415,37.51693998,2020110802
20200224,125600,127.6642565,37.70451286,2020022412
20181126,063000,129.2899274,37.30509122,2018112606
20190304,124400,128.0003831,37.65965798,2019030412
20210209,131622,129.0692186,37.34875176,2021020913
20190510,093400,128.4637899,38.31384671,2019051009
20210115,033900,128.2587913,38.07503919,2021011503
20200326,110300,128.7096134,37.94175429,2020032611
20210312,191136,128.5531521,37.11177263,2021031219
20190120,122800,127.6734108,37.88165694,2019012012
20190403,022200,128.1039225,37.54030326,2019040302
20210220,011300,127.5484898,38.17936698,2021022001
20210421,122045,128.6176643,37.66866168,2021042112
20190604,125500,127.3390101,38.25928408,2019060412
20200409,024100,128.5200584,37.21508834,2020040902
20210507,110548,129.0977627,37.22456064,2021050711
20210417,093300,128.0003831,37.65965798,2021041709
20190416,041400,127.6720179,37.69181375,2019041604
20190130,051800,127.9204976,37.74924056,2019013005
20191113,122200,127.7632632,38.19901123,2019111312
20200422,014800,128.7829783,37.74502042,2020042201
20210426,052900,127.9540535,37.32405921,2021042605
20200501,032100,128.0003831,37.65965798,2020050103
20190505,113300,128.2685584,37.54711816,2019050511
20200104,015400,127.7710314,37.9815892,2020010401
20210513,033700,128.9863777,37.31440302,2021051303
20190304,013400,128.0625588,37.5037547,2019030401
20201006,014800,127.7436275,38.00794238,2020100601
20210218,015100,128.6392113,38.10422457,2021021801
20200308,015000,127.8913737,37.83239667,2020030801
20190511,023600,128.7098606,37.22244057,2019051102
20190404,011600,127.9646655,37.456885,2019040401
20210330,170300,127.2960781,38.13831053,2021033017
20201116,123800,127.8604221,37.64284657,2020111612
20200326,122700,127.3558565,38.18469845,2020032612
20190604,021400,128.8209768,37.33525885,2019060402
20210604,171900,128.5731275,38.20184354,2021060417
20210117,033600,129.0713726,37.53388337,2021011703
20190417,015000,128.5200584,37.21508834,2019041701
20200410,044000,128.5200584,37.21508834,2020041004
20210210,141257,128.0003831,37.65965798,2021021014
20191204,112900,127.9515954,38.15057121,2019120411
20210220,035000,128.757274,37.53381582,2021022003
20210323,155214,127.953469,37.78654327,2021032315
20190505,023000,128.1419037,37.94352651,2019050502
20200422,022100,128.1202057,38.153384,2020042202
20210417,120400,128.644531,37.58059773,2021041712
20200104,024900,128.5788305,37.25353302,2020010402
20210421,130850,128.0473368,38.26612231,2021042113
20200503,125100,127.4078311,38.30259042,2020050312
20190511,055000,127.6613494,37.66869783,2019051105
20210427,011300,128.1202057,38.153384,2021042701
20210508,121220,128.2146563,37.41472564,2021050812
20200308,021400,127.6678979,38.06441128,2020030802
20201009,045000,128.188056,37.71416111,2020100904
20210514,115000,128.2146563,37.41472564,2021051411
20190625,024800,127.335674,38.29676558,2019062502
20200331,125500,127.2309592,38.21742994,2020033112
20210219,124200,128.6263947,38.10193296,2021021912
20201201,095900,128.1091367,37.46212269,2020120109
20191205,100900,129.0235248,37.25192226,2019120510
20210401,102000,128.2014124,37.43872012,2021040110
20200410,114700,128.0525245,37.20840147,2020041011
20210120,024600,127.9692608,37.57149753,2021012002
20210622,112500,128.6755099,37.20990549,2021062211
20200115,014600,128.6223203,38.06099705,2020011501
20200424,112500,127.3558565,38.18469845,2020042411
20210222,021100,127.8217929,38.01987412,2021022202
20210216,142624,129.0262357,37.60823381,2021021614
20210418,010000,128.5588272,37.43151982,2021041801
20200506,112600,127.1773689,38.22062163,2020050611
20200315,022900,127.5636016,37.66146304,2020031502
20210330,141109,129.2185093,37.15692963,2021033014
20210429,090700,129.1717821,37.09021427,2021042909
20201011,071100,128.0329259,37.73035663,2020101107
20210421,163157,127.7632632,38.19901123,2021042116
20200401,114400,128.5296827,37.37219867,2020040111
20210607,031100,128.7860619,37.89909234,2021060703
20210509,131611,127.8328447,37.5860041,2021050913
20201203,095800,127.6480589,38.3166691,2020120309
20200410,115600,128.5580725,37.68583441,2020041011
20210219,153400,128.8974636,37.6818756,2021021915
20210124,054700,127.8362775,37.66872565,2021012405
20200424,010700,127.5166061,37.73333414,2020042401
20210407,121100,127.517635,38.07734446,2021040712
20210226,013300,127.7681088,37.7345546,2021022601
20210105,120939,128.7329708,37.85139624,2021010512
20200508,025000,127.8144917,37.64088876,2020050802
20210419,044500,127.9130415,37.53746217,2021041904
20210217,164000,127.5213286,38.12343296,2021021716
20201013,023800,128.0329259,37.73035663,2020101302
20210506,053000,128.174778,38.25276856,2021050605
20210331,153510,128.6262246,37.2722654,2021033115
20201208,083700,128.0003831,37.65965798,2020120808
20210608,025200,128.0481111,37.79441219,2021060802
20210422,132707,127.248594,38.24712568,2021042213
20210205,021900,128.6896978,37.46239591,2021020502
20210509,134301,127.1773689,38.22062163,2021050913
20210219,165800,128.8991629,37.80638477,2021021916
20210311,024600,128.5531521,37.11177263,2021031102
20210409,053300,128.5900605,38.15335606,2021040905
20210112,114416,128.0003831,37.65965798,2021011211
20210420,032200,127.7511028,37.63272685,2021042003
20210218,221429,128.6208365,38.10949061,2021021822
20210506,090600,129.3215979,37.26828476,2021050609
20210331,165648,128.0030471,38.17886089,2021033116
20210106,131900,128.5360676,38.26266484,2021010613
20210425,143201,128.0837904,37.27646067,2021042514
20210219,190100,127.8432553,37.72059532,2021021919
20210509,174449,127.2046393,38.22476981,2021050917
20210409,170200,127.8044002,37.35180589,2021040917
20210115,153938,128.2587913,38.07503919,2021011515
20210220,131300,127.5484898,38.17936698,2021022013
20210417,093354,128.0003831,37.65965798,2021041709
20210426,172913,127.9540535,37.32405921,2021042617
20210513,153705,128.9863777,37.31440302,2021051315
